<?xml version="1.0" encoding="UTF-8"?>
<metadata xml:lang="en"><Esri><CreaDate>20210428</CreaDate><CreaTime>15355700</CreaTime><ArcGISFormat>1.0</ArcGISFormat><SyncOnce>TRUE</SyncOnce><DataProperties><lineage><Process ToolSource="c:\program files\arcgis\pro\Resources\ArcToolbox\toolboxes\Data Management Tools.tbx\Append" Date="20210428" Time="153557">Append Tuvalu ne_50m_admin_0_map_units "Use the field map to reconcile field differences" "TYPE "TYPE" true false false 17 Text 0 0,First,#,Tuvalu,scalerank,-1,-1;GEOUNIT "GEOUNIT" true false false 35 Text 0 0,First,#,Tuvalu,scalerank,-1,-1;SUBUNIT "SUBUNIT" true false false 35 Text 0 0,First,#,Tuvalu,scalerank,-1,-1;ISO_A2_EH "ISO_A2_EH" true false false 3 Text 0 0,First,#,Tuvalu,scalerank,-1,-1;CONTINENT "CONTINENT" true false false 23 Text 0 0,First,#,Tuvalu,scalerank,-1,-1" # #</Process><Process ToolSource="c:\program files\arcgis\pro\Resources\ArcToolbox\toolboxes\Data Management Tools.tbx\UpdateSchema" Date="20210428" Time="153949">UpdateSchema "CIMDATA=&lt;CIMStandardDataConnection xsi:type='typens:CIMStandardDataConnection' xmlns:xsi='http://www.w3.org/2001/XMLSchema-instance' xmlns:xs='http://www.w3.org/2001/XMLSchema' xmlns:typens='http://www.esri.com/schemas/ArcGIS/2.7.0'&gt;&lt;WorkspaceConnectionString&gt;DATABASE=U:\Asbury workspace\2021\ThematicMapping3\natural-earth-vector\50m_cultural&lt;/WorkspaceConnectionString&gt;&lt;WorkspaceFactory&gt;Shapefile&lt;/WorkspaceFactory&gt;&lt;Dataset&gt;ne_50m_admin_0_map_units&lt;/Dataset&gt;&lt;DatasetType&gt;esriDTFeatureClass&lt;/DatasetType&gt;&lt;/CIMStandardDataConnection&gt;" &lt;operationSequence&gt;&lt;workflow&gt;&lt;AddField&gt;&lt;field_name&gt;Field&lt;/field_name&gt;&lt;field_type&gt;LONG&lt;/field_type&gt;&lt;field_is_nullable&gt;False&lt;/field_is_nullable&gt;&lt;field_is_required&gt;False&lt;/field_is_required&gt;&lt;/AddField&gt;&lt;/workflow&gt;&lt;/operationSequence&gt;</Process></lineage></DataProperties></Esri></metadata>
